질문,답변,분류
1) 최종 학력 또는 전공과 관계없이 지원할 수 있나요?,"KT 에이블스쿨은 정규 4년제 대학 졸업자 및 졸업예정자를 대상으로 하는 교육입니다. 전공에 관계 없이 명시된 지원 자격에 부합한다면 모두 지원 가능합니다. 다만, AI개발자 Track은 기본적인 코딩역량이 필요합니다.",모집/선발
2) 35세 이상은 지원할 수 없나요?,"본 교육 과정은 34세 이하를 대상으로 하는 교육입니다. 단, 모집시점에 35세라도 해당연도 1월 1일 이후 생일자는 지원이 가능합니다. (예: 5기 지원 기준 1989년 1월 1일 이후 출생자)",모집/선발
3) 미취업자의 기준이 뭔가요?,"미취업자의 기준은 아래와 같습니다.1) 기간의 정함이 있는 근로인 경우,2) 고용보험에 미가입한 경우,3) 고용보험에 가입되어 있더라도 15시간/주 미만 근로인 경우단, 어떠한 경우에도 교육을 풀타임(09:00~18:00)으로 들을 수 있어야 교육 참여가 가능합니다.",모집/선발
4) 직장인도 지원할 수 있나요?,"KT 에이블스쿨은 미취업자를 대상으로 하며, 교육 시작일 기준 재직자는 지원이 불가능합니다.  향후 취업여부를 확인할 예정입니다.",모집/선발
5) 아르바이트를 하고 있는데 지원할 수 있나요?,"고용보험에 가입이 되어 있는 경우 15시간/주 미만 근로인 경우에만 미취업자로 간주하여 지원이 가능합니다.고용보험에 가입되어 있지 않는 경우에는 특수형태근로자/고용보험미가입근로자로 분류되어 근로시간과 훈련시간이 중복되지 않는다면 훈련 수강은 가능하나, 훈련장려금이 지급되지 않습니다.다만, 특수형태근로자의 경우 해촉증명서, 퇴사 사실확인증명원(사업주, 근로자 직인/서명포함)을 제출하는 경우 훈련장려금 지급이 가능하므로,고용형태 관련 세부사항은 거주지 관할 고용센터(HRD-Net 확인) 또는 훈련 권역별 고용센터로 문의하시기 바랍니다.※ 수도권: 성남고용센터충남/충북: 대전고용센터대구/경북: 대구고용센터전남/전북: 광주고용센터부산/경남: 부산고용센터- 고용노동부 대표번호 1350, 거주지 근처 지도검색, HRD-Net 메인 하단 지역별 기관검색에서 확인 가능",모집/선발
6) 사업자도 지원할 수 있나요?,"사업자는 자영업자로 분류됩니다.  자영업자의 경우 관할 고용센터에서 국민내일배움카드 발급 여부를 검토하며, 카드가 발급되어 교육을 수강하여도 훈련장려금은 지급되지 않습니다.  다만, 고용보험을 임의가입한 자영업자의 경우 훈련장려금이 지급됩니다.",모집/선발
7) 프리랜서도 지원할 수 있나요?,"고용보험에 가입하지 않은 경우 미취업자로 보지만, 프리랜서 계약의 경우 개인별 상황이 다를 수 있어서 관할 고용센터에 문의하여 확인하시기 바랍니다.※  관할 고용센터 :수도권: 성남고용센터충남/충북: 대전고용센터대구/경북: 대구고용센터전남/전북: 광주고용센터부산/경남: 부산고용센터- 고용노동부 대표번호 1350, 거주지 근처 지도검색, HRD-Net 메인 하단 지역별 기관검색에서 확인 가능",모집/선발
"8) 현재 군 복무중인 상태인데, 지원이 가능한가요?","현재 군 복무중인 상태여도 지원 가능합니다. 다만, 교육 시작 전일까지 병역의무를 마쳐야 교육 수강이 가능합니다.",모집/선발
"9) 퇴사 후 실업급여 수령 중인데, 지원할 수 있나요?","퇴사 후 고용보험 상실이 완료되어 실업급여를 수급 중인 경우, 훈련 수강에는 문제가 없습니다.  다만, 실업급여와 훈련장려금은 중복 수급이 불가하여 실업급여 지급이 종료된 후 훈련장려금 지급이 개시됩니다.",모집/선발
10) 다른 K-DT 과정을 들었는데 지원할 수 있나요?,"K-DT 교육과정은 최초 1회에 한해서만 무료 수강이 가능하며, KT 에이블스쿨은 본인 부담금이 발생하는 경우 지원이 어렵습니다.  K-DT 과정마다 차이가 있을 수 있으니 개인별 정확한 수강 가능 여부는 관할 고용센터에 확인 부탁드립니다.   관할 고용센터 정보는 고용노동부 대표번호 1350 또는 거주지 근처 지도검색, HRD-Net에서 확인 가능합니다.",모집/선발
11) K-DT가 아닌 국비과정 참여 중인데 지원할 수 있나요?,"기존에 수강하신 과정이 K-DT 과정이 아니라면 지원이 가능합니다.   개인별 상황이 다를 수 있으므로 정확한 수강 가능 여부는 관할 고용센터에 문의하여 확인하시기 바랍니다.    관할 고용센터 정보는 고용노동부 대표번호 1350 또는 거주지 근처 지도검색, HRD-Net에서 확인 가능합니다.",모집/선발
12) 이전에 불합격했을 경우 이번에 다시 지원할수 있나요?,지원자격에 해당되는 경우 다시 지원이 가능합니다.,모집/선발
13) 합격 후 과정을 포기하면 재지원이 불가능한가요?,"교육 등록신청을 하지 않거나 교육 일정 시작 전에 교육 등록을 취소해도 지원자격에 해당하는 경우 다시 지원이 가능합니다. 다만, 교육 과정 확정자신고일(교육시작일로부터 7일)이 지난 후 중도 퇴교를 할 경우 과정을 수강한 것으로 간주되며, 향후 K-Digital Training (K-DT) 과정에 재지원은 가능하나 무료 수강은 어렵습니다.",모집/선발
14) 추가합격제도가 있나요?,"현재 KT 에이블스쿨은 추가합격 제도를 운영하고 있지 않습니다. 향후 추가합격을 운영하는 경우, 사전에 공지할 예정입니다.",모집/선발
15) 면접은 어떻게 진행되나요?,KT 에이블스쿨은 별도의 면접 과정이 없습니다,모집/선발
16) 코딩테스트는 어떻게 진행되나요?,"코딩테스트는 AI개발자 Track 지원자를 대상으로 진행되며, 사용 가능한 프로그래밍 언어는 C, C++, JAVA, Python, JavaScript 5가지입니다. 자세한 내용은 서류전형 합격자 대상으로 안내드릴 예정입니다.",모집/선발
17) 국민내일배움카드가 있어야 인적성검사 응시할 수 있나요?,"아닙니다. 국민내일배움카드는 교육시작일 기준 D-7(주말∙공휴일 제외)까지 발급해 주시고,  최종합격 이후 합격자 대상으로 일괄 안내 드릴 예정입니다.",모집/선발
18) 인적성검사는 KT 채용과 같은 과목인가요?,현재 KT 에이블스쿨은 KT 채용 인적성검사와 같은 과목의 인적성검사를 운영하고 있습니다.,모집/선발
19) 국민내일배움카드가 있어야만 지원할 수 있나요?,"네, 국민내일배움카드 보유자 또는 발급 가능자여야 지원이 가능합니다.   현재 카드를 보유하고 있지 않더라도, K-Digital Training 교육 대상자로 확인되어 신규 발급하면 지원 가능합니다.",모집/선발
20) (지원서 작성) 현재 4학년 1학기 재학 또는 휴학 등의 사유로 졸업(예정)증명서 발급이 안되는 경우 어떻게 해야 하나요?,"졸업예정증명서 발급이 불가능한 경우 수료증명서 또는 재학증명서를 제출하여 주시기 바라며,   추후 졸업예정증명서 발급 가능 시점에 제출 요청을 드릴 수 있습니다.",모집/선발
21) (지원서 작성) 대학원 재학 중으로 성적표가 없는 경우 어떻게 하나요?,"대학원 재학 중으로 성적증명서가 없으신 경우, 최종학력은 대학교로 입력하여 주시고 졸업(예정)증명서 및 성적증명서 제출란에는 재학증명서를 제출하여 주시기 바랍니다.",모집/선발
22) (지원서 작성) 미국 4년제 대학의 경우 증빙서류가 무엇인가요?,"졸업을 확인할 수 있는 서류인 공식 졸업장(예: Diploma)과, 4년간의 이수 과목과 성적을 확인할 수 있는 성적표(예: Transcript)를 제출하시면 됩니다.",모집/선발
23) 컴퓨터공학 비전공자도 커리큘럼을 따라갈 수 있을까요?,비전공자도 SW개발에 관심과 열정이 있으신 분들은 충분히 따라 갈 수 있습니다.    이 경우 데이터 사이언스 기반으로 산업 현장에 AI를 접목하고 DX를 이끄는 DX컨설턴트 Track을 추천 드립니다.    SW기초 지식 및 코딩역량을 보유하고 있고 개발자로 성장하고 싶은 분께는 AI개발자 Track을 추천 드립니다.,교육/수강
24) 교육 전에 미리 공부하면 좋은 것이 있을까요?,파이썬 프로그래밍 사용법과 AI 개념에 대한 기초 이해를 공부하고 오시면 도움이 되실 것 같습니다.,교육/수강
25) 출결 기준이 어떻게 될까요?,"1. 당일 소정훈련시간의 50퍼센트 미만을 수강한 경우, 2. 지각, 조퇴 3회 누적 시, 결석 처리 됩니다.",교육/수강
26) 휴가를 사용할 수 있나요?,K-Digital Training (K-DT) 규정상 월 1회 휴가 사용이 가능합니다.,교육/수강
27) 교육 수료 기준은 무엇인가요?,"KT 에이블스쿨은 고용노동부 K-Digital Training 사업으로 운영됨에 따라 총 훈련일수의 80% 이상을 출석한 경우 수료대상이 됩니다.※ 국민내일배움카드 운영규정 상 단위기간 50%이상 무단결석 시 또는 총 결석 일수가 전체 훈련일수의 20% 초과 시 제적대상이나, 훈련 수준 유지를 위하여 KT 에이블스쿨에서는 100% 출석을 권장하고 있습니다. 출결 미달로 인해 훈련 수준 유지가 어려운 경우 제적 대상이 될 수 있습니다.(#국민내일배움카드 운영규정 제35조)",교육/수강
28) 교육 장소(지역)는 어떻게 되나요?,"KT 에이블스쿨은 전국 어디서나 참여할 수 있도록, 온/오프라인을 병행하여 탄력적으로 운영합니다.오프라인 교육장소는 6개 권역(수도권, 강원권, 부산/경남권, 대구/경북권, 충남/충북권, 전남/전북권)에 위치하고 있습니다.수도권 : KT분당교육장 (경기도 성남시 분당구 불정로 90), KT전농교육장 (서울시 동대문구 사가정로 105)강원권 : KT원주연수원 (강원도 원주시 행구동 행구덕현길 109)부산/경남권 : 에이블스쿨 BDIA 동구캠퍼스 (부산 동구 초량중로29 KCA빌딩)대구/경북권 : KT북대구빌딩 (대구광역시 북구 고성로 141)충남/충북권 : KT탄방빌딩 (대전광역시 서구 문정로 48번길 30)전남/전북권 : KT신안빌딩 (광주광역시 북구 신안동 무등로 202번길)",교육/수강
29) 지원 지역(교육 장소)을 변경할 수 있나요?,"서류 접수 마감 이후에 지원 지역(교육 장소) 변경은 불가능하며,  최종 합격된 지역에서만 교육이 가능합니다.",교육/수강
30) 대면 교육도 진행하나요?,"교육 과정 중 STEP1과 STEP2는 대부분 비대면 교육으로 진행하며, 일부 프로젝트는 대면으로 진행될 수 있습니다.    STEP3 프로젝트 수행기간에는 대면 & 비대면을 병행하여 진행합니다. (단, 코로나 정부방역지침에 따라 변경될 수 있습니다.)",교육/수강
31) 비대면으로 진행된다면 개인이 원하는 시간대에 참여할 수 있나요?,"KT 에이블스쿨은 풀타임으로 교육이 진행되며, 정해진 시간에 필수로 참여해야 합니다.",교육/수강
32) 타사 교육과 병행 할 수 있나요?,KT 에이블스쿨은 풀타임(09:00~18:00)으로 교육이 진행되므로 교육에 풀타임으로 참여할 수 있어야 교육 수강이 가능합니다.,교육/수강
33) 핸드폰으로도 수강 할 수 있나요?,실습 교육을 핸드폰으로 소화하기는 어렵습니다. 제공해드린 노트북을 사용해 주시기 바랍니다.,교육/수강
34) 교육을 중도 포기할 경우 패널티가 있나요?,"교육 시작 후 7일(주말, 공휴일 포함) 이내에는 수강 철회가 가능합니다.다만, 이후에 수강을 철회하는 경우 국민내일배움카드 운영 기준에 따라 패널티가 부과되며,추후 국민내일배움카드를 활용하여 직업훈련 과정을 수강할 경우 자기부담액이 발생할 수 있습니다.1) 질병, 사고, 훈련기관 사정, 천재지변 등 불가피한 사유 없이 중도에 훈련 수강을 그만둔 경우(1회: 20만원, 2회: 50만원, 3회: 100만원 차감)2) 거짓이나 그 밖의 부정한 방법으로 출결체크하여 제적된 경우: 전액3) 지원대상에 해당하지 않거나 지원 제외 대상에 해당함에도 불구하고 거짓이나 그 밖의부정한 방법으로계좌를 발급받거나 지원을 받은 경우: 전액",교육/수강
35) 교육과정 중 시험이 있나요?,"KT 에이블스쿨은 자기주도적인 학습을 장려하고 있으며, 교과목 종료 시 셀프테스트를 통한 역량 점검이 진행 됩니다.",교육/수강
36) 교육 수강 중 졸업이 유예된 경우 어떻게 되나요?,교육수강은 가능합니다. 다만 교육수료와 함께 이루어지는 채용 연계 시 참가한 기업에서 졸업자가 아니므로 채용하지 않을 수 있습니다.   해당 시점 채용공고에서 각 기업 별 내용을 직접 확인해야합니다.,교육/수강
37)  KT 에이블스쿨은 무료인가요?,"네, KT 에이블스쿨은 'K-Digital Training 교육'으로, 과정의 비용은 국민내일배움카드로 신청하여 지원받을 수 있습니다.",국민내일배움카드
38) 국민내일배움카드가 무엇인가요?,국가에서 국민 스스로 직업능력개발훈련을 실시할 수 있도록 훈련비를 지원하는 제도로 2020년 이전 분리 운영되었던 실업자내일배움카드와 재직자내일배움카드가 통합되었습니다.  국민내일배움카드를 통해 1인당 300만 원에서 500만 원까지 지원받을 수 있습니다.      * 지원대상 및 기준은 대상자별로 상이할 수 있으니 HRD-NET 사이트를 확인해주시기 바랍니다.,국민내일배움카드
39) 국민내일배움카드가 있어야만 지원이 가능한가요?,"네, 국민내일배움카드 보유자만 지원이 가능합니다. 현재 카드를 보유하고 있지 않더라도, K-Digital Training 교육 대상자로 확인되어 신규 발급하면 지원 가능합니다.",국민내일배움카드
40) 국민내일배움카드만 발급 받으면 KT 에이블스쿨 훈련과정을 들을 수 있는 건가요?,아닙니다. 만 34세 이하의 정규 4년제 대학(전공무관) 졸업자 또는 졸업 예정자 중 국민내일배움카드 발급이 가능한자가 본 과정에 지원 할 수 있습니다. (계좌잔액 보유 有),국민내일배움카드
41) 국민내일배움카드 계좌에 잔액이 없는데 어떡하나요?,"KT 에이블스쿨은 고용노동부와 KT가 공동으로 수행하는 청년 취업역량 강화 프로그램으로 국민내일배움카드 발급과 계좌내 잔액 보유가 필수입니다.   다만, 다른 훈련기관 등에서 K-Digital Training 교육을 수강한 이력이 있는 경우 훈련수강이 어려울 수 있으니 꼭 관할 고용센터에 확인 후 지원해 주세요.",국민내일배움카드
42) 훈련생이 추가 부담해야 하는 금액(훈련비용)이 있나요?,"KT 에이블스쿨은 고용노동부와 KT가 전액 훈련비용을 부담해서 운영합니다.   별도의 추가 훈련비용(자기부담금)이 없으니, 지원 요건에 충족한다면 즉시 지원해 주십시오.",국민내일배움카드
43) 국민내일배움카드는 몇 년간 사용할 수 있나요?,계좌 발급일로부터 5년간 사용할 수 있습니다.,국민내일배움카드
44) 국민내일배움카드 발급 시 꼭 은행을 방문 해야하나요?,"국민내일배움카드 신청 시 ""우편 발송""으로 선택하신 경우, 실물카드 수령까지 소요되는 시간이 신청자별로 상이할 수 있습니다.    다만, 훈련 운영의 효율을 위하여 ""은행 방문""을 권장드립니다.   이미 ""우편 발송""으로 선택하신 경우, 대한상공회의소(안내문자 발신처, 02-6050-3593)로 연락바랍니다.",국민내일배움카드
"45) 국민내일배움카드 발급은 했는데, 수령까지 완료해야되나요?","실물카드가 없어도 HRD-Net을 통해 국민내일배움카드 신청을 완료하였다면, 수강신청은 가능합니다.   카드 발급이 늦어져 카드 수령 전 HRD-Net 수강신청을 진행하는 경우, 수강신청 완료 후 대한상공회의소(안내문자 발신처, 02-6050-3593)로 연락바랍니다.   다만, 실물카드 수령이 확인되어야 KT 에이블스쿨 교육생 선발이 완료되오니, 최대한 발급 기한에 맞추어 발급해 주시기 바랍니다.",국민내일배움카드
46) 교육 진행 중 국민내일배움카드가 만료되는데 갱신해야되나요?,추후 활용을 하실 수 있으니 갱신 발급을 권고 드립니다.  카드 발급 관련해서는 인터넷 또는 주소지 관할 고용센터를 통해 진행 하실 수 있으니 참고 부탁 드립니다.,국민내일배움카드
"47) 타기관에서 K-Digital Training 교육과정을 수강했는데, 추가로 수강할 수 있나요?","K-Digital Training 교육과정은 1회차에 한해서만 무료로 수강가능하며,   에이블스쿨은 자기부담금이 발생하지 않는 자를 지원 대상으로 하고 있어 추가 수강이 어렵습니다.",국민내일배움카드
48) K-Digital Training 과정을 1번 수강하다가 저와 맞지않는 것 같아 수강을 포기 하였습니다. 또 K-Digital Training 교육과정을 들을 수 있나요?,"최초 수강한 K-Digital Training 교육과정을 수강철회기간에 취소하였다면 K-DT 과정을 들을 수 있습니다.   수강철회기간 이후에 중도 퇴교하였다면 수강이 어려울 수 있음을 참고 부탁 드립니다.   개인별 상황이 다를 수 있으므로 정확한 수강 가능 여부는 관할 고용센터에 문의하여 확인하시기 바랍니다. 관할 고용센터 정보는 고용노동부 대표번호 1350 또는 거주지 근처 지도검색, HRD-Net에서 확인 가능합니다.",국민내일배움카드
49) 훈련장려금이 무엇인가요?,"훈련장려금이란 긴 기간의 국비과정을 수강하는 분들에게 경제적 부담을 덜어주기 위해 교통비와 식비 명목으로 제공되는 지원금을 말합니다.ㅇ 훈련장려금 지급 조건1) 수강교육과정의 총 훈련시간이 140시간 이상2) 단위기간 출석률 80% (단위기간: 교육개강일로부터 매 1개월을 의미)3) 마지막 단위기간 시 수강평 작성ㅇ 훈련장려금 지급 대상1) 실업자2) 주 15시간 미만 근로자3) 근로장려금 수급자4) 고용보험 임의가입 자영업자5) 국민취업제도 참여자(단, 총 훈련시간이 140시간 미만이라도 국민취업지원제도 1유형 참여자, 2유형 참여자 중 저소득층 참여자, 고용보험 임의가입 자영업자는 훈련장려금 수령 가능)",국민내일배움카드
50) 훈련장려금은 모두가 다 받을 수 있나요?,"KT 에이블스쿨 과정 수강생이라면 기본적으로 다 받을 수 있습니다.  다만, 실업급여 수급자 등은 수령이 불가 할 수 있으며, 출석 기준에 따라 수령 비용은 상이할 수 있습니다.   자세한 사항은 관할 고용센터에 문의 부탁 드립니다.",국민내일배움카드
51) 훈련장려금은 언제 나오나요?,"훈련장려금은 단위기간(훈련시작일로부터 1개월)의 출석률 등의 장려금 지급 기준을 총족하였을 때 수령 하실 수 있습니다.    (단, 단위기간 출석률이 80% 이상인 경우만 입금되며, 실업급여 수급 중이거나 소득이 있는 경우 일부 부지급으로 개별 확인 필요)    훈련장려금은 통상 단위기간 종료일로부터 1개월 이내 지급됩니다.   다만, 고용센터 일정에 따라 권역별 지급일자가 상이할 수 있습니다.",국민내일배움카드
52) 훈련장려금은 얼마가 어떻게 지급되나요?,"훈련장려금은 월 최대 116,000원이 지급됩니다.   2023년의 경우 특별훈련수당이 200,000원 추가 지원되어, 월 최대 316,000원이 지급됩니다.   단위기간의 출석률이 80%이상인 경우 실업상태, 재직여부 및 소득 수준에 따라 달리 지급됩니다.   총 훈련시간이 140시간 이상인 국민내일배움카드 과정을 수강하는 경우 실업자, 주 15시간 미만 근로를 제공하는 고용보험 피보험자, 근로장려금 수급자, 고용보험 입의가입 자영업자는 지급받을 수 있습니다.",국민내일배움카드
53) 아르바이트를 하면 훈련장려금을 못받나요?,"훈련장려금은 실업자 지급이 원칙입니다.   다만, 주 15시간 미만으로 근로하며, 해당 근로사실과 동일하게 고용보험에 가입되어 있는 경우 예외적으로 훈련장려금이 지급됩니다.   더불어, 훈련 수강일정과 근로시간은 중복될 수 없습니다.   자세한 사항은 관할 고용센터에 문의 부탁 드립니다.",국민내일배움카드
54) 자영업자 고용보험 가입 시에는 훈련장려금 못받나요?,자영업자 중 고용보험 임의가입자는 훈련장려금을 받으실 수 있습니다.,국민내일배움카드
55) 교내 장학금 수령 시 훈련장려금 못받나요?,"장학금이 소득으로 인식되는 경우 훈련장려금이 지급되지 않을 수 있습니다.  훈련장려금은 고용센터에서 지급요건을 최종 검토 후 지급처리 되므로, 먼저 학교 행정처에 장학금 소득 처리 여부 문의 후 거주지 관할 고용센터(HRD-Net 확인) 혹은 훈련 권역별 고용센터(아래 참고)로 연락하시어 훈련장려금 지급 여부에 대해 다시 한 번 문의하시기 바랍니다.※ 수도권: 성남고용센터충남/충북: 대전고용센터대구/경북: 대구고용센터전남/전북: 광주고용센터부산/경남: 부산고용센터- 고용노동부 대표번호 1350, 거주지 근처 지도검색, HRD-Net 메인 하단 지역별 기관검색에서 확인 가능",국민내일배움카드
56) 국민취업지원제도 6개월 경과 시 훈련장려금 못받나요?,"국민취업지원제도를 적용 받으시고 수당 수령 기간을 다 충족하셨다면 국민취업지원제도로 별도의 수당을 받으시기는 어렵습니다.    다만, 직업훈련 수강에 따른 별도의 훈련장려금은 출석률 등의 장려금 지급 기준을 충족할 경우 수령 하실 수 있습니다.",국민내일배움카드
57) 채용 연계 관련 어떤 지원이 있나요?,"KT 에이블스쿨은 미래인재육성 + 청년 IT/SW/DX 분야 일자리 창출을 위해서 KT 와 정부가 함께 하는 프로그램입니다.    에이블러 여러분들의 취업기회를 위해 Job Searching 세션, 취업컨설팅, 잡페어 등 여러 프로그램들을 운영하고 있습니다.",채용연계
58) KT 채용 연계 시 중점적으로 보는 요소가 있나요?,"KT 그룹, AI 원팀 기업/스타트업 100 등 다양한 기업에서 채용 연계할 예정으로 기업마다 인재상 및 반영 요소가 다르기 때문에 중점 요소에 대해 안내드리기 어려운 점 양해 부탁드립니다.   채용에 대한 부분은 교육을 참여하시면 추후 관련 부서를 통해 안내드릴 예정입니다.",채용연계
59) 교육생에게는 어떤 사항들이 지원되나요?,"취업에 도움이 되는 다양한 프로젝트를 제공하고, 포트폴리오 작성을 도와드리며, 코딩챌린지, 해커톤 등 다양한 Competition 수상 기회를 제공합니다.   또한, AIVLE Job Fair를 거쳐 우수 수료생을 대상으로 KT와 KT그룹, AI원팀, 협력사 등 채용까지 연계해 드립니다.",교육생 지원사항
60) 참가자에게 노트북을 대여해주나요?,"네, 교육기간 동안 노트북을 무료로 지원하며, 교육에 필요한 필수 프로그램이 설치되어 있으므로, 제공한 노트북을 사용해 주시기 바랍니다.",교육생 지원사항
61) 교육기간 제공하는 노트북 사양이 궁금합니다.,원활한 실습 환경을 위해 아래 명시된 사양 이상을 갖춘 노트북을 제공합니다.   - CPU : I5 / RAM : 8GB / 여유저장공간 : 40GB,교육생 지원사항
62) 대면 교육 시 숙소가 제공 되나요?,숙소는 제공하지 않습니다.,교육생 지원사항
63) 국비지원 IT 교육이 많은데 똑같은거 아닌가요? 뭐가 다른가요?,"KT 에이블스쿨에서는 이론/실습 교육에 나아가 기업 실전형 프로젝트를 중심으로 실무에서 일하는 방식을 배울 수 있습니다.   또한, KT 현직 전문가가 전담하여 산업지식, AI/DX 기술, 창의성을 갖출 수 있도록 강의와 코칭을 제공하고, 강의 중 궁금한 사항은 전담 튜터가 1:1로 직접 코칭을 제공합니다.    특히, 우수 수료생을 대상으로 KT와 KT 그룹, AI원팀, 협력사 등 채용까지 연계해 드립니다.",기타
64) AICE (기존 AIFB) 자격증이 있어야 유리한가요?,네. AICE (기존 AIFB) Associate 자격 취득자는 선발 시 우대하고 있습니다.,기타
65) AICE 시험관련 문의는 어디에 해야하나요?,help@aice.study 으로 문의 하시기 바랍니다.,기타
66) 국민취업지원제도를 신청하고 싶습니다.,"국민취업지원제도 신청과 관련 사항은 거주지 관할 고용센터, 업무 대행 위탁기관으로 문의 부탁 드립니다.    주소지 관할 고용센터, 업무대항 위탁기관은 고용부 고객센터 대표번호 1350 을 통해서 확인하실 수 있습니다.",기타
67) 국민취업지원제도를 안해도 교육 참여되나요?,국민취업제도를 신청하지 않아도 KT 에이블스쿨 교육에 참여하실 수 있습니다.   국민내일배움카드 발급 및 HRD-Net 수강신청은 필수 사항이니 정해진 기한 내 완료 부탁드립니다.,기타
68) 국민취업지원제도 관련 직업훈련탐색표가 필요합니다.,"직업훈련탐색표는 고용센터 또는 국민취업지원제도 민간위탁기관이 정한 양식에 따라 HRD-Net의 훈련과정을 참고하여 직접 작성해야하며, HRD-Net에서 확인이 어려운 경우 KT 에이블스쿨 훈련 정보는 대한상공회의소(02-6050-3593)로 요청하시면 됩니다.",기타
에이블스쿨에서의 꿀팁은 어떤 것인가요?,첫째는 스터디에 참여하는 것을 추천해 드립니다. 공모전 코딩테스트 면접 등의 활동을 스터디원들과 함께 하면서 서로 많은 도움을 줄 수 있을 뿐만 아니라 함께 협업하고 소통하는 방법을 배울 수 있습니다. 둘째는 git이나 블로그를 꾸준히 관리하자는 것입니다. 교육과정에서 배운 내용과 느꼈던 점을 정리하여 나만의 정리 노트 채널을 만든다면 취업 준비에 많은 도움이 될 것입니다. 마지막으로 에이블스쿨에 적극적으로 참여하시기를 바랍니다. 코딩마스터스 기자단 다양한 이벤트 등 많은 기회를 놓치지 말고 모두 열심히 참여한다면 나도 모르는 순간 실력 향상이 되어있는 스스로를 발견할 수 있습니다.,후기
에이블스쿨에서 어떤 부분이 업무에 도움이 되고 있나요?,Python으로 데이터를 처리했던 경험이 업무에 많은 도움이 되고 있습니다. SCM은 데이터를 보여주어 사용자의 의사결정을 돕는 시스템이며 UI 구성도 데이터를 잘 보여주기 위해 구성하는 일이기 때문에 데이터를 직접 다룰 일도 많습니다. 데이터를 처리할 때 플랫폼 내에서 지원하는 기능을 쓰기도 하지만 Python의 Pandas를 이용하여 데이터를 정제하는 경우도 있습니다. Pandas를 이용한 데이터 정제는 에이블스쿨에의 여러 실무형 프로젝트에서 많이 다뤄봤기 때문에 수월하게 업무를 수행하고 있습니다.,후기
에이블러에게 주고 싶은 팁은 무엇인가요?,지원하는 데에 있어 망설이실 필요 없습니다. 떨어져도 엄정한 심사에 의해 높은 벽에 부딪혀 떨어진 것이 아니라 그냥 어쩌다 보니 떨어진 것으로 생각하고 겁먹지 말고 여유를 가지고 취업 준비하셨으면 좋겠습니다! 취업 준비 과정에서 드리고 싶은 팁이 있다면 모의 면접 준비 시 반드시 혼자가 아닌 다른 사람과 같이 연습하는 것이 좋습니다. 특히 에이블스쿨 스터디를 활용하는 것을 추천해 드립니다. 혼자서 하는 것보다는 같은 반 에이블러들과 함께 준비하면 실제 면접 환경에 대한 적당한 긴장도를 가질 수 있고 내가 생각하지 못했던 답변 및 돌발상황에 대한 대처 방법을 공유할 수 있기 때문입니다. 에이블스쿨은 면접뿐만 아니라 코딩테스트 및 알고리즘 공부를 위한 다양한 스터디들이 활성화되어 있어서 교육 기간 중에도 함께 실력을 쌓을 수 있는 기회가 많이 있으니 적극 활용하길 권장해 드립니다!,후기
실무에 에이블스쿨이 어떻게 도움이 되고 있나요?,에이블스쿨에서 배웠던 것들을 실무에서 효과적으로 활용하고 있습니다. 에이블스쿨에서 배웠던 데이터분석과 머신러닝 기법을 활용하여 메시지 발송량이 적은 시기와 많은 시기를 파악하고 필요한 시기의 발송량을 예측하는데 성공적으로 수행하고 있습니다. 그리고 미니프로젝트를 통해 키운 협업 능력을 업무시에도 적절하게 적용하여 팀원들과 의견을 교류하고 다양한 시각으로 접근하여 수행하고 있습니다.,후기
에이블스쿨에서 기억에 남는 활동이 있나요?,에이블스쿨에서의 다양한 전공자들과 함께한 프로젝트가 기억에 남습니다. 7번의 미니프로젝트는 단순히 코드만 작성하는 것이 아니라 팀원들과 협업하는 과정에서 여러 관점과 의견을 통해 문제에 접근하고 아이디어를 생각해 보는 경험이 얼마나 중요한지를 배울 수 있었습니다. 이 경험을 통해 같은 목표를 가진 다양한 사람들과 협력하는 능력을 키울 수 있었고 에이블스쿨에서의 경험들은 저에게 많은 자산이 되었습니다.,후기
에이블스쿨이 취업에 어떤 도움이 되었나요?,에이블스쿨에서 다양한 프로젝트를 통해 커뮤니케이션 능력을 키우고 개발 경험을 쌓은 것이 취업에 도움이 되었습니다. 미니 프로젝트와 별도의 공모전들을 진행하면서 사람들과 원활하게 업무를 수행하기 위한 커뮤니케이션 능력을 키울 수 있었습니다. 또한 교육과 빅 프로젝트를 통해 기본적인 CS 지식과 개발 프로세스를 경험하여 비전공자이지만 IT 기업에 지원할 수 있었습니다. 에이블스쿨에 얻은 경험치는 현업에서도 사업을 이해하는 데에 많은 도움이 되고 있습니다.,후기
에이블스쿨을 통해 얻은 것은 무엇인가요?,에이블스쿨을 통해 좋은 동료들을 얻었습니다. 같은 분야에 관심을 갖고 있는 열정적인 동기들과 함께 학습하고 외부 공모전에 참여하며 실력과 경험을 쌓아 나갈 수 있었습니다. 짧지 않은 6개월이라는 기간 동안 포기하지 않고 꾸준히 교육을 수강할 수 있었던 좋은 자극제가 되었던 것 같습니다. 교육을 수료한 지 8개월이 지난 현재까지도 서로의 경험과 지식을 공유하면서 좋은 관계를 유지하고 있는데 비슷한 분야에서 새로운 이야기와 에이블스쿨의 추억을 공유할 수 있어 좋은 것 같습니다.,후기
회사 합격에 에이블스쿨이 어떻게 도움이 되었나요?,에이블스쿨에서 경험한 여러 프로젝트를 통해 실무적인 경험을 쌓았던 것이 가장 큰 도움이 되었습니다. 대학에서 직접 프로젝트를 진행해 볼 기회가 많이 없었는데 에이블스쿨에서 여러 번의 미니프로젝트와 빅프로젝트를 통해 이론적으로만 학습했던 지식을 실제로 활용하면서 나만의 기술로 익힐 수 있었습니다. 프로젝트를 할 때마다 팀원들과 협업할 때 필요한 커뮤니케이션 능력을 기를 수 있었던 점이 회사 합격에 가장 큰 도움이 되었다고 생각합니다.,후기
에이블스쿨을 통해 진로 선택에 변화가 있었나요?,흥미가 있던 데이터 분석 분야로 진로 선택에 확신이 들었습니다. 에이블스쿨 교육과정을 통해 머신러닝과 딥러닝 알고리즘에 대해 더 자세히 학습할 수 있었고 여러 프로젝트에서 프론트엔드 백엔드 데이터 분석을 경험했던 것이 저에게 맞는 분야가 무엇인지를 확실하게 인지하는 계기가 되었습니다. 다양한 분야로 진로를 희망하는 동기들과 만나 얘기를 고민했던 시간도 많은 도움이 된 것 같습니다.,후기
에이블스쿨에서 기억에 남는 것이 있다면?,빅프로젝트에서 기획부터 개발 배포까지 여러 분야를 경험했던 것이 기억에 남습니다. 짧은 기간 안에 프로젝트를 완수하기 위해 조원들 반 에이블러들과 함께 평일과 주말 가리지 않고 협업하고 어려움이 있을 때 함께 문제를 해결하고 조언을 주고받았던 같은 조원들에게 감사한 마음입니다. 코딩마스터스 과정도 인상 깊었습니다. 취업을 위해 코딩테스트를 준비한 적이 없었지만 코딩마스터스를 통해 현재 나의 실력을 파악할 수 있었고 부족한 부분들을 보완할 수 있었습니다.,후기
에이블스쿨을 통해 얻은 것은 무엇인가요?,6개월이라는 시간 동안 데이터 분석 인공지능 웹과 인프라 등 다양한 개발 지식을 쌓을 수 있었던 것이 많은 도움이 되었습니다. 또한 배운 것들을 미니프로젝트와 빅프로젝트를 통해 직접 활용해 보고 조원들과 더 나은 솔루션을 공유하면서 성장할 수 있었습니다. 특히 빅프로젝트가 가장 인상 깊었습니다. 주제 선정부터 구현 배포까지 모든 것을 한다는 것이 처음에는 쉽지 않았지만 개발 방향 설정과 실질적인 계획 세우기 과정을 통해 조원들과 의견을 활발히 공유하고 매일 프로젝트의 진행 상황을 점검하면서 소통하는 법을 배울 수 있었습니다.,후기
에이블스쿨에서의 경험이 회사 생활에서도 어떻게 도움이 되고 있나요?,협업 경험이 회사 생활에 많은 도움이 되고 있습니다. 저는 학부 시절 소수의 팀원과 팀플레이 경험만 있었기 때문에 6명 이상의 팀원과 짧게는 2~3일 길게는 약 5주의 프로젝트를 진행하는 것이 낯설기도 했습니다. 하지만 각자 자신의 역량을 최대로 발휘할 수 있는 역할을 맡아 계획에 맞게 프로젝트를 완성해 나가는 과정에서 소통 및 협업에 익숙해질 수 있게 되었고 프로젝트 설계 과정부터 실질적인 개발 및 관련 산출물 제작까지 일련의 과정을 쭉 수행한 경험을 바탕으로 실무에 배치되고 난 후 업무 및 주요 산출물에 대해 빠르게 이해할 수 있게 되었습니다.,후기
에이블스쿨을 하기 전의 나와 지금의 나를 돌이켜본다면?,교육하기 전의 저는 취업이라는 높은 장벽 앞에서 무엇을 해야 할지 막막했고 이 벽을 내가 넘을 수 있을까 하며 마냥 겁먹고 있었습니다. 하지만 에이블스쿨을 통해 부족한 부분을 채우고 교육 및 프로젝트를 통해 매일 작더라도 조금씩 정한 목표를 달성하며 대장장이처럼 저 자신을 꾸준히 제련했습니다. 그 덕분에 취업에 성공하였고 또 새로운 목표를 세워 그 길을 천천히 걸어 나가고 있습니다. 에이블스쿨이라는 경험이 없었다면 취업뿐만 아니라 회사에서의 첫 커리어를 쌓아나가는 지금의 과정 또한 용기 있게 해나갈 수 없었을 것 같습니다. 에이블스쿨 기간동안 도전을 통한 경험과 배움을 많이 가져가셨으면 좋겠습니다.,후기
교육 수료 후 잡페어를 진행하나요?,네 모든 교육이 끝난뒤 에이블러들의 취업을 지원하기위한 잡페어가 개최됩니다.,취업
교육 후기를 알려줘,에이블스쿨의 종합적인 커리큘럼이 역량을 향상시키는 데 큰 도움이 되었습니다. 교육과정에서 AI에 대한 이론적인 지식뿐만 아니라 실전에서 활용할 수 있는 다양한 기술과 도구에 대한 학습이 이루어졌습니다. 학습 후에 이루어지는 미니 프로젝트를 통해 실제 개발 경험을 쌓을 수 있었습니다. 인공지능 수업 외에 한 달가량 배웠던 웹 수업을 통해 인공지능 개발만이 아니라 전반적인 서비스 배포에 대한 이해도를 향상시킬 수 있었던 것도 좋았습니다. ,후기
에이블스쿨의 장점을 알려줘,체계적인 커리큘럼을 통해 AI관련 지식을 습득하면서 일대일 문의를 통해서 수업 내용에서 궁금한 게 생기면 전문 튜터가 응답해주는 시스템도 갖춰져 있습니다. 튜터님이 챙겨주시지 못하는 부분인 주요 공지사항 공모전 등의 정보를 알려주는 매니저님이 도움을 주셔서 좋았습니다. 프로젝트를 진행하면서 다양한 수강생들을 만날 수 있었고 수강생들과 외부 공모전을 준비하거나 스터디를 진행하면서 부족한 부분을 많이 채워 나갈 수 있었습니다. ,후기
교육 전 미리 준비해야 하는게 있나요?,취업에 필요한 준비를 끝내고 교육에 집중할 수 있는 상태를 만들어두는 것이 좋다고 생각합니다. 특히 영어 성적이 미리 준비되어 있었다면 더 좋았을 것 같습니다. 인공지능을 공부하는 과정에서 영어가 자주 등장하는데 그 용어를 빠르게 이해하고 사용할 수 있다면 교육 효과가 더욱 클 것이라 생각합니다.,후기
교육 전 미리 준비하면 좋은게 있나요?,육 기간 동안 수업 외적인 부분으로 어떤 것들을 공부할지 미리 정해두면 좋을 것 같습니다. 교육 기간 동안 수업이 끝난 저녁 이후의 시간이나 주말에 예습과 복습 외에도 취업이나 자기 계발과 관련된 계획을 미리 세워두고 준비하는 것이 좋을 것 같아요!,후기
교육 커리큘럼은 어땠나요?,에이블스쿨에서는 인공지능 이론 실습뿐 만 아니라 인공지능을 실제로 서비스하는 프로젝트까지 해볼 수 있어 정말 많이 배웠습니다. 필수적인 이론을 공부한 뒤 여러 프로젝트를 통해 실무 경험을 해볼 수 있어서 좋습니다. 그 과정에서 팀원들과 소통하며 더 나은 방법을 찾아내고 다른 팀은 어떻게 했는지 발표를 들으며 더욱 발전할 수 있습니다. 매번 프로젝트를 할 때마다 너무 어렵고 힘들었지만 지난 프로젝트를 복습하니 신기하게도 쉽게 느껴졌습니다. 나의 발전이 직접 와닿은 날이었습니다.,후기
비대면으로 교육이 진행되나요?,이론 수업은 비대면으로 진행되고 프로젝트와 같은 활동은 대면으로 진행됩니다.,후기
에이블스쿨에는 몇 번의 프로젝트가 있나요?,에이블스쿨은 AI DX 트랙 상관없이 7번의 미니프로젝트와 한 번의 빅프로젝트를 진행하게 됩니다.,후기
에이블스쿨 잡페어에는 어떤 기업들이 참여하나요?,4기 수료생들은 KT를 비롯해 BC카드 케이뱅크 KT DS 나스미디어 KT 스튜디오지니 등 KT 그룹 내 주요 기업과 티맥스그룹 산하 4개 기업 등 총 20개사가 참여해 에이블스쿨이 양성한 우수한 디지털 인재를 대상으로 채용 설명회를 진행되었습니다.,후기
에이블스쿨 잡페어는 어떤 건가요?,KT 그룹 내 현직 전문가들도 에이블스쿨 과정에 참여해 프로젝트 포트폴리오 작성 컨설팅 모의 면접 등 교육생들이 취업에 실질적인 도움을 받을 수 있도록 다각도로 지원한다.,후기
에이블스쿨 잡페어는 몇 개의 도장을 받아야 사은품을 주나요?,5개를 모으면 선착순으로 사은품을 줍니다.,후기
에이블스쿨 빅프로젝트는 어떤건가요?,에이블스쿨 빅프로젝트는 7번의 미니프로젝트를 진행함으로써 쌓은 실력을 각자의 조에서 주제를 정해서 진행되는 프로젝트입니다. 발표는 메타버스에서 진행됩니다.,후기
인적성 검사는 어떻게 준비하면 되나요?,KT그룹의 종합인적성검사를 추천드립니다. 온라인으로 시험 치기 때문에 e-book으로 구매하시거나 대여해서 공부하는 것을 추천합니다.,지원
교육 전에 무엇을 준비하면 좋을까요?,합격 후 2~3주 가량 동안 사전 강의 영상과 사전 학습 자료를 제공해줍니다. 파이팅!,교육
노트북이 없는데 괜찮나요?,KT에이블스쿨을 합격하면 노트북을 제공하여 줍니다. 파이팅!,교육

